Model,Side,Avg_Classic_Pct,Avg_Risk_Adjusted_Pct,SameTopRate
DVR_MC_p≤0.1_classic_vs_risk_adjusted,LONG,98.08928571428571,96.26415094339623,0.32407407407407407
DVR_MC_p≤0.1_classic_vs_risk_adjusted,SHORT,99.07272727272728,98.65517241379311,0.39814814814814814
SSA_MC_classic_vs_risk_adjusted,LONG,86.29629629629629,85.87037037037037,0.6018518518518519
SSA_MC_classic_vs_risk_adjusted,SHORT,85.44444444444444,86.73148148148148,0.5555555555555556
RLSSA_MC_classic_vs_risk_adjusted,LONG,39.77777777777778,38.05555555555556,0.49074074074074076
RLSSA_MC_classic_vs_risk_adjusted,SHORT,42.407407407407405,38.50925925925926,0.4351851851851852
