,sharpe,sortino,treynor,information,calmar,cum_ret,mdd,excess_ret_ann
sharpe,1.0,1.0,1.0,1.0,0.9999999999999999,1.0,0.9999999999999999,1.0
sortino,1.0,1.0,1.0,1.0,0.9999999999999999,1.0,0.9999999999999999,1.0
treynor,1.0,1.0,1.0,1.0,0.9999999999999999,1.0,0.9999999999999998,0.9999999999999999
information,1.0,1.0,1.0,1.0,0.9999999999999999,1.0,0.9999999999999998,1.0
calmar,0.9999999999999999,0.9999999999999999,0.9999999999999999,0.9999999999999999,1.0,1.0,0.9999999999999998,1.0
cum_ret,1.0,1.0,1.0,1.0,1.0,1.0,0.9999999999999998,1.0
mdd,0.9999999999999999,0.9999999999999999,0.9999999999999998,0.9999999999999998,0.9999999999999998,0.9999999999999998,1.0,1.0000000000000002
excess_ret_ann,1.0,1.0,0.9999999999999999,1.0,1.0,1.0,1.0000000000000002,1.0
